<?xml version="1.0" encoding="UTF-8"?>
<beans:beans
	xmlns="http://www.springframework.org/schema/mvc"
	xmlns:xsi="http://www.w3.org/2001/XMLSchema-instance"
	xmlns:beans="http://www.springframework.org/schema/beans"
	xmlns:context="http://www.springframework.org/schema/context"
	xmlns:tx="http://www.springframework.org/schema/tx"
	xsi:schemaLocation="http://www.springframework.org/schema/mvc https://www.springframework.org/schema/mvc/spring-mvc-4.3.xsd
http://www.springframework.org/schema/beans https://www.springframework.org/schema/beans/spring-beans.xsd
http://www.springframework.org/schema/context https://www.springframework.org/schema/context/spring-context.xsd
http://www.springframework.org/schema/tx http://www.springframework.org/schema/tx/spring-tx-4.0.xsd">



	<!-- DispatcherServlet Context: defines this servlet's request-processing 
		infrastructure -->



	<!-- Enables the Spring MVC @Controller programming model -->
	<annotation-driven />



	<!-- Handles HTTP GET requests for /resources/** by efficiently serving 
		up static resources in the ${webappRoot}/resources directory -->
	<resources mapping="/resources/**" location="/resources/" />



	<!-- Resolves views selected for rendering by @Controllers to .jsp resources 
		in the /WEB-INF/views directory -->
	<beans:bean
		class="org.springframework.web.servlet.view.InternalResourceViewResolver">
		<beans:property name="prefix" value="/WEB-INF/views/" />
		<beans:property name="suffix" value=".jsp" />
	</beans:bean>



	<context:component-scan
		base-package="com.companyportal.app" />
	<context:property-placeholder
		location="classpath:application.properties" />
	<beans:bean
		class="org.springframework.jdbc.datasource.DriverManagerDataSource"
		id="dataSource">
		<beans:property name="driverClassName"
			value="${database.driver}"></beans:property>
		<beans:property name="url" value="${database.url}"></beans:property>
		<beans:property name="username"
			value="${database.user}"></beans:property>
		<beans:property name="password"
			value="${database.password}"></beans:property>
	</beans:bean>



	<!-- Hibernate sessionFactory -->
	<beans:bean
		class="org.springframework.orm.hibernate5.LocalSessionFactoryBean"
		id="sessionFactory">
		<beans:property name="dataSource" ref="dataSource"></beans:property>
		<beans:property name="hibernateProperties">
			<beans:props>
				<beans:prop key="hibernate.dialect">${hibernate.dialect}</beans:prop>
				<beans:prop key="hibernate.hbm2ddl.auto">${hibernate.hbm2ddl.auto}</beans:prop>
				<beans:prop key="hibernate.show_sql">${hibernate.show_sql}</beans:prop>
			</beans:props>
		</beans:property>
		<beans:property name="packagesToScan"
			value="com.companyportal.app.entity"></beans:property>
	</beans:bean>
	<!-- Transaction -->
	<beans:bean id="transactionManager"
		class="org.springframework.orm.hibernate5.HibernateTransactionManager">
		<beans:property name="sessionFactory"
			ref="sessionFactory"></beans:property>
	</beans:bean>



	<tx:annotation-driven
		transaction-manager="transactionManager" />



</beans:beans>